output,universe_zero_based,pixels_in_universe,required_rgb_bytes,minimum_even_payload_bytes
1,120,170,510,510
1,121,33,99,100
2,122,170,510,510
2,123,170,510,510
2,124,170,510,510
2,125,170,510,510
2,126,58,174,174
3,127,170,510,510
3,128,170,510,510
3,129,170,510,510
3,130,170,510,510
3,131,170,510,510
3,132,30,90,90
4,133,170,510,510
4,134,170,510,510
4,135,170,510,510
4,136,170,510,510
4,137,130,390,390
5,139,170,510,510
5,140,170,510,510
5,141,12,36,36
6,142,170,510,510
6,143,170,510,510
6,144,170,510,510
6,145,100,300,300
7,146,170,510,510
7,147,170,510,510
7,148,170,510,510
7,149,2,6,6
