profile,soll_fps,dauer_s,universen,leds,gesendet,pakete_gesendet,pakete_empfangen,frames_vollstaendig,fehlende_frames,teilbilder,queue_drops,ersetzt,dma,submits,send_fps,empfang_fps,dma_fps,empfang_prozent,ausgabe_prozent,intervall_p50_ms,intervall_p95_ms,intervall_max_ms,burst_p95_ms,http_max_ms,show_sample_max_ms,dma_sample_max_ms,http_fehler,bestanden
aktuell,20,30.045453599999746,29,4031,597,17313,17313,597,0,0,0,0,597,597,19.869894725104267,19.869894725104267,19.869894725104267,100.0,100.0,50.24695000065549,50.302624998948886,75.0555999984499,0.4327599970565642,22.604699999646982,2.188,28.954,0,True
aktuell,25,30.026335599999584,29,4031,746,21634,21634,746,0,0,0,0,746,746,24.84485652654899,24.84485652654899,24.84485652654899,100.0,100.0,40.03279999960796,40.293419999215985,77.44430000093416,0.4243749990564538,21.86760000040522,2.19,28.96,0,True
aktuell,30,30.001106499999878,29,4031,895,25955,25955,895,0,0,0,0,895,895,29.832233021138858,29.832233021138858,29.832233021138858,100.0,100.0,33.42689999954018,33.76068000106898,48.5618999991857,0.41776999933063047,104.06280000097468,2.186,28.957,0,True
aktuell,35,30.00713519999772,29,4031,1047,30363,30363,1047,0,0,0,147,900,900,34.89170135775173,34.89170135775173,29.99286649663472,100.0,85.95988538681948,28.572200000780867,28.97030000167433,34.40489999775309,0.39806999811844435,21.890600000915583,2.191,28.961,0,True
aktuell,40,30.019341999999597,29,4031,1195,34655,34655,1195,0,0,0,295,900,900,39.807668002850164,39.807668002850164,29.98067046239761,100.0,75.31380753138075,25.00960000179475,25.28785499944206,29.325499999686144,0.3884899993863655,14.592300001822878,2.197,29.383,0,True
8x600,20,30.040429000000586,32,4800,598,19136,19136,598,0,0,0,0,598,598,19.90650666140581,19.90650666140581,19.90650666140581,100.0,100.0,50.24749999938649,50.29559999820776,51.33819999900879,0.44308000124146923,605.8076999979676,2.389,21.142,0,True
8x600,25,30.021112300000823,32,4800,748,23936,23936,748,0,0,0,0,748,748,24.915799005887582,24.915799005887582,24.915799005887582,100.0,100.0,40.02869999749237,40.291439998327405,47.80879999816534,0.43196499955229223,22.067400001105852,2.389,20.737,0,True
8x600,30,30.023069400001987,32,4800,896,28672,28672,896,0,0,0,0,896,896,29.84371744482397,29.84371744482397,29.84371744482397,100.0,100.0,33.428800001274794,33.75937000164413,39.93919999993523,0.4323499988458934,22.163599998748396,2.389,20.736,0,True
8x600,35,30.008158699998603,32,4800,1046,33472,33472,1046,0,0,0,146,900,900,34.857187022276335,34.857187022276335,29.991843518210995,100.0,86.04206500956023,28.572200000780867,28.972500000236323,47.85239999910118,0.4677500000980217,21.425200000521727,2.388,20.737,0,True
8x600,40,30.00733979999859,32,4800,1193,38176,38176,1193,0,0,0,293,900,900,39.75693973379327,39.75693973379327,29.992661995317636,100.0,75.44006705783738,25.080250001337845,25.290390000736807,43.65730000063195,0.4452399996807799,23.58739999908721,2.395,20.744,0,True
8x700,20,30.013085400001728,40,5600,596,23840,23840,596,0,0,0,0,596,596,19.858005002043733,19.858005002043733,19.858005002043733,100.0,100.0,50.248899999132846,50.299519998952746,81.02519999738433,0.557350001145096,20.549199998640688,2.775,24.13,0,True
8x700,25,30.018640199999936,40,5600,748,29920,29920,748,0,0,0,0,748,748,24.917850875870172,24.917850875870172,24.917850875870172,100.0,100.0,40.188599999964936,40.295240000705235,40.558800003054785,0.5274950002785772,20.97669999784557,2.777,24.132,0,True
8x700,30,30.011808600000222,40,5600,896,35840,35840,896,0,0,0,0,896,896,29.85491517495528,29.85491517495528,29.85491517495528,100.0,100.0,33.426099998905556,33.75758999827667,34.63949999786564,0.535049998688919,21.66660000148113,2.778,24.13,0,True
8x700,35,30.004640900002414,40,5600,1043,41720,41527,998,45,45,0,100,898,898,34.761289211093874,33.261521220202965,29.928703462667595,95.68552253116012,86.09779482262704,28.572200000780867,28.975490001175785,72.66950000121142,0.5282999998598825,1012.822500000766,2.779,24.138,0,False
8x700,40,30.02482030000101,40,5600,1195,47800,47579,1144,51,51,0,243,901,901,39.800404733811504,38.10181005479528,30.00850599595328,95.73221757322176,75.39748953974896,25.026749999597087,25.29261000054248,25.780400002986426,0.5165500020666514,22.550199999386678,2.783,24.139,0,False
8x900,20,30.015345400002843,48,7200,597,28656,28656,597,0,0,0,0,597,597,19.889826088756035,19.889826088756035,19.889826088756035,100.0,100.0,50.24885000057111,50.30400000032387,70.54770000104327,0.6069999988540076,25.862499998765998,3.551,30.922,0,True
8x900,25,30.032609900001262,48,7200,748,35904,35904,748,0,0,0,0,748,748,24.906260311394668,24.906260311394668,24.906260311394668,100.0,100.0,40.03250000096159,40.29761000056169,50.40759999974398,0.5916250001973821,20.896799996990012,3.549,30.921,0,True
8x900,30,30.0105865000005,48,7200,895,42960,42960,895,0,0,0,0,895,895,29.822809360956178,29.822809360956178,29.822809360956178,100.0,100.0,33.42154999882041,33.7505349991261,45.10479999953532,0.6219599985342937,24.27190000162227,3.55,30.921,0,True
8x900,35,30.017159199996968,48,7200,1046,50208,49396,965,81,81,0,65,900,900,34.84673526334583,32.14827870853607,29.982850608997367,92.25621414913958,86.04206500956023,28.572299997904338,28.968039999745088,37.94460000062827,0.6255000007513445,322.0043999972404,3.557,30.927,0,False
8x900,40,30.002030999999988,48,7200,1193,57264,56348,1102,91,91,0,202,900,900,39.763974645583176,36.7308466550148,29.997969137489402,92.37217099748533,75.44006705783738,25.034650001543923,25.289845000224886,40.49279999890132,0.6155800008855292,20.216299999447074,3.557,30.93,0,False
8x1000,20,30.006570500001544,48,8000,597,28656,28656,597,0,0,0,0,597,597,19.895642522692466,19.895642522692466,19.895642522692466,100.0,100.0,50.24934999892139,50.29842500152881,63.04960000124993,0.6458200012275483,20.15670000037062,3.936,34.316,0,True
8x1000,25,30.01310469999953,48,8000,747,35856,35856,747,0,0,0,0,747,747,24.889127848209974,24.889127848209974,24.889127848209974,100.0,100.0,40.07799999999406,40.29849999733415,65.0205999991158,0.626569997984916,24.57039999717381,3.937,34.317,0,True
8x1000,30,30.009119199999986,48,8000,895,42960,42756,871,24,24,0,0,871,871,29.82426755131155,29.02451065608085,29.02451065608085,97.31843575418995,97.31843575418995,33.41944999920088,33.75353500014171,58.455799997318536,0.6106700006057506,21.56469999681576,3.943,34.319,0,False
8x1000,35,30.011560499999177,48,8000,1046,50208,49306,961,85,85,0,88,873,873,34.85323597218574,32.020994043279636,29.088790634529783,91.87380497131932,83.46080305927342,28.572200000780867,28.96647999805282,55.27530000108527,0.6255249991227174,1011.9004000007408,3.94,34.322,0,False
8x1000,40,30.00967859999946,48,8000,1192,57216,56162,1094,98,98,0,220,874,874,39.72051869959118,36.45490558502748,29.12393736865998,91.77852348993288,73.32214765100672,25.035500002559274,25.28995000102441,47.763800001121126,0.6230300004972379,26.46420000019134,3.942,34.323,0,False
