profile,requested_fps,frames_sent,packets_sent,elapsed_s,send_fps,receive_fps,output_fps,receive_complete,udp_received,udp_queue_drops,artnet_packets,artnet_complete,artnet_incomplete,artnet_rejected,artnet_ignored,artnet_stale,artnet_duplicates,artnet_overwritten,frames_submitted,dma_completed,blackouts_submitted
aktuell,35,1046,30334,30.013266699999804,34.851254628674155,34.851254628674155,34.48475003888886,True,30334,0,30334,1046,0,0,0,0,0,11,1035,1035,0
aktuell,40,1192,34568,30.005476599999383,39.72608120478994,39.72608120478994,34.49370305952818,True,34568,0,34568,1192,0,0,0,0,0,157,1035,1035,0
8x600,35,1047,33504,30.000223099999857,34.899740462263594,34.899740462263594,34.899740462263594,True,33504,0,33504,1047,0,0,0,0,0,0,1047,1047,0
8x600,40,1193,38176,30.021043600001576,39.73879175872278,39.73879175872278,39.73879175872278,True,38176,0,38176,1193,0,0,0,0,0,0,1193,1193,0
8x700,35,1046,41840,30.01781199999823,34.84597744832507,34.84597744832507,34.84597744832507,True,41840,0,41840,1046,0,0,0,0,0,0,1046,1046,0
8x700,40,1193,47720,30.02160780000122,39.738044942414824,39.738044942414824,39.738044942414824,True,47720,0,47720,1193,0,0,0,0,0,0,1193,1193,0
8x900,35,1046,50208,30.006270300000324,34.85938070750461,32.19327128436851,32.19327128436851,False,49194,0,49194,966,80,0,0,0,0,0,966,966,0
8x900,40,1192,57216,30.023470199997973,39.70227265734527,36.504774188297326,32.30805744767191,False,56220,0,56220,1096,96,0,0,0,0,126,970,970,0
8x1000,35,1046,50208,30.014314000000013,34.85003855160573,31.91810414191041,29.08612204163652,False,49320,0,49320,958,88,0,0,0,0,85,873,873,0
8x1000,40,1193,57264,30.023033900000883,39.73615737748492,36.30545812360316,29.1442897781218,False,56212,0,56212,1090,103,0,0,0,0,215,875,875,0
